BRIDGE_ACTOR_ID,FILM_RANK,ACTOR_ID
0,1,292
1,1,1586
2,1,212
3,1,1632
4,2,1199
5,2,985
6,2,1103
7,2,276
8,3,658
9,3,137
10,3,580
11,3,735
12,4,1067
13,4,1290
14,4,1423
15,4,1404
16,5,1608
17,5,676
18,5,1029
19,5,1594
20,6,1058
21,6,1528
22,6,1610
23,6,97
24,7,1362
25,7,488
26,7,1345
27,7,627
28,9,274
29,9,1327
30,9,1443
31,9,1550
32,10,714
33,10,292
34,10,1116
35,10,947
36,11,446
37,11,866
38,11,64
39,11,352
40,12,1499
41,12,1203
42,12,671
43,12,895
44,13,516
45,13,410
46,13,36
47,13,424
48,14,161
49,14,435
50,14,1271
51,14,1507
52,15,118
53,15,690
54,15,164
55,15,1534
56,16,990
57,16,496
58,16,897
59,16,932
60,17,92
61,17,1384
62,17,1000
63,17,1510
64,18,1058
65,18,1555
66,18,61
67,18,1588
68,19,403
69,19,1192
70,19,1338
71,19,1482
72,20,80
73,20,722
74,20,520
75,20,1117
76,21,1067
77,21,447
78,21,244
79,21,331
80,22,262
81,22,1125
82,22,926
83,22,993
84,24,113
85,24,841
86,24,1634
87,24,309
88,25,966
89,25,700
90,25,194
91,25,1021
92,29,1131
93,29,869
94,29,917
95,29,301
96,30,1103
97,30,1037
98,30,720
99,30,219
100,31,1633
101,31,652
102,31,1496
103,31,267
104,32,80
105,32,646
106,32,1115
107,32,7
108,33,658
109,33,1103
110,33,714
111,33,1181
112,34,1366
113,34,1152
114,34,1489
115,34,442
116,35,1135
117,35,605
118,35,55
119,35,1435
120,36,286
121,36,1322
122,36,1404
123,36,1419
124,37,1067
125,37,118
126,37,732
127,37,1011
128,38,183
129,38,282
130,38,1273
131,38,184
132,39,398
133,39,292
134,39,501
135,39,1589
136,41,1424
137,41,920
138,41,787
139,41,65
140,42,1020
141,42,1432
142,42,430
143,42,45
144,44,1106
145,44,1186
146,44,764
147,44,978
148,45,534
149,45,395
150,45,1519
151,45,1560
152,46,781
153,46,1249
154,46,608
155,46,553
156,47,732
157,47,1041
158,47,573
159,47,1117
160,49,291
161,49,1629
162,49,853
163,49,1632
164,51,341
165,51,761
166,51,1222
167,51,415
168,52,855
169,52,1518
170,52,1541
171,52,933
172,53,709
173,53,858
174,53,821
175,53,690
176,54,875
177,54,1110
178,54,52
179,54,1610
180,55,295
181,55,589
182,55,4
183,55,1097
184,56,92
185,56,14
186,56,968
187,56,1492
188,57,1463
189,57,669
190,57,436
191,57,365
192,58,476
193,58,1378
194,58,672
195,58,270
196,59,548
197,59,1378
198,59,192
199,59,630
200,60,1547
201,60,4
202,60,939
203,60,1576
204,61,175
205,61,595
206,61,80
207,61,726
208,63,479
209,63,578
210,63,1287
211,63,840
212,64,345
213,64,665
214,64,711
215,64,473
216,65,295
217,65,601
218,65,1404
219,65,1097
220,66,320
221,66,1501
222,66,1388
223,66,1097
224,67,1042
225,67,1122
226,67,627
227,67,771
228,68,1548
229,68,276
230,68,1181
231,68,1635
232,69,242
233,69,712
234,69,188
235,69,686
236,70,1042
237,70,925
238,70,428
239,70,651
240,72,211
241,72,1037
242,72,675
243,72,1590
244,73,964
245,73,1444
246,73,516
247,73,1543
248,74,1608
249,74,451
250,74,862
251,74,1112
252,75,565
253,75,679
254,75,612
255,75,718
256,76,781
257,76,1220
258,76,878
259,76,553
260,77,1322
261,77,286
262,77,1404
263,77,722
264,78,211
265,78,405
266,78,454
267,78,1157
268,79,781
269,79,1220
270,79,878
271,79,629
272,80,1089
273,80,920
274,80,860
275,80,960
276,81,957
277,81,802
278,81,471
279,81,887
280,82,1584
281,82,556
282,82,1385
283,82,116
284,83,957
285,83,787
286,83,1029
287,83,1067
288,84,175
289,84,1341
290,84,1174
291,84,1570
292,85,1586
293,85,1243
294,85,435
295,85,689
296,86,292
297,86,244
298,86,1566
299,86,819
300,87,175
301,87,468
302,87,219
303,87,290
304,88,1384
305,88,1632
306,88,1444
307,88,1124
308,89,1388
309,89,925
310,89,713
311,89,1595
312,90,175
313,90,113
314,90,627
315,90,783
316,91,601
317,91,646
318,91,1594
319,91,1088
320,92,1564
321,92,1245
322,92,177
323,92,416
324,93,488
325,93,1594
326,93,1203
327,93,244
328,94,787
329,94,1134
330,94,1469
331,94,570
332,95,1322
333,95,286
334,95,1039
335,95,288
336,96,1358
337,96,1362
338,96,106
339,96,1057
340,97,1369
341,97,1150
342,97,1368
343,97,138
344,98,6
345,98,889
346,98,360
347,98,867
348,99,919
349,99,935
350,99,1445
351,99,86
352,100,957
353,100,1058
354,100,632
355,100,1042
356,101,1548
357,101,480
358,101,1501
359,101,1233
360,102,288
361,102,127
362,102,1165
363,102,1549
364,103,1058
365,103,732
366,103,920
367,103,859
368,105,595
369,105,144
370,105,61
371,105,461
372,106,291
373,106,177
374,106,697
375,106,562
376,107,1321
377,107,961
378,107,370
379,107,448
380,108,47
381,108,1340
382,108,299
383,108,303
384,110,61
385,110,415
386,110,1222
387,110,1453
388,111,770
389,111,1559
390,111,21
391,111,762
392,112,282
393,112,1107
394,112,1103
395,112,211
396,114,557
397,114,955
398,114,388
399,114,417
400,115,364
401,115,490
402,115,1356
403,115,1104
404,116,679
405,116,1213
406,116,1489
407,116,709
408,117,468
409,117,302
410,117,875
411,117,852
412,119,771
413,119,1050
414,119,770
415,119,428
416,120,470
417,120,37
418,120,440
419,120,844
420,121,503
421,121,151
422,121,1388
423,121,817
424,122,1429
425,122,1518
426,122,862
427,122,643
428,123,1623
429,123,13
430,123,113
431,123,158
432,125,295
433,125,1548
434,125,118
435,125,545
436,126,1172
437,126,191
438,126,178
439,126,612
440,127,1042
441,127,1189
442,127,634
443,127,1458
444,128,487
445,128,378
446,128,481
447,128,1133
448,129,1090
449,129,1258
450,129,74
451,129,1460
452,130,957
453,130,1548
454,130,1607
455,130,415
456,131,398
457,131,1594
458,131,1462
459,131,814
460,132,113
461,132,1090
462,132,291
463,132,479
464,133,202
465,133,1637
466,133,105
467,133,221
468,134,1134
469,134,627
470,134,1087
471,134,1240
472,135,1586
473,135,1243
474,135,435
475,135,1124
476,136,1362
477,136,212
478,136,504
479,136,338
480,137,1555
481,137,692
482,137,805
483,137,1617
484,138,957
485,138,256
486,138,755
487,138,1540
488,139,957
489,139,482
490,139,1039
491,139,178
492,141,291
493,141,1629
494,141,1448
495,141,956
496,142,1627
497,142,1319
498,142,1268
499,142,1472
500,143,295
501,143,1467
502,143,1362
503,143,211
504,144,229
505,144,639
506,144,1413
507,144,1599
508,145,666
509,145,303
510,145,957
511,145,892
512,146,1137
513,146,834
514,146,744
515,146,1451
516,147,577
517,147,580
518,147,201
519,147,929
520,148,637
521,148,1231
522,148,257
523,148,1023
524,149,1098
525,149,787
526,149,309
527,149,190
528,150,1547
529,150,516
530,150,617
531,150,177
532,151,1040
533,151,1350
534,151,1247
535,151,704
536,152,714
537,152,809
538,152,966
539,152,1458
540,153,1154
541,153,226
542,153,837
543,153,23
544,154,479
545,154,805
546,154,185
547,154,783
548,156,1292
549,156,1474
550,156,1431
551,156,777
552,157,612
553,157,274
554,157,1311
555,157,273
556,158,1467
557,158,1362
558,158,827
559,158,488
560,159,1098
561,159,1050
562,159,905
563,159,63
564,160,1448
565,160,1183
566,160,1044
567,160,192
568,162,1433
569,162,229
570,162,144
571,162,314
572,163,1230
573,163,607
574,163,601
575,163,658
576,164,1545
577,164,317
578,164,40
579,164,1325
580,165,358
581,165,503
582,165,817
583,165,703
584,166,919
585,166,1327
586,166,196
587,166,1394
588,167,726
589,167,1039
590,167,1617
591,167,378
592,168,593
593,168,1366
594,168,357
595,168,873
596,169,774
597,169,1225
598,169,650
599,169,380
600,170,358
601,170,303
602,170,1010
603,170,1278
604,171,646
605,171,1294
606,171,193
607,171,1314
608,172,276
609,172,148
610,172,1067
611,172,1278
612,174,749
613,174,80
614,174,1404
615,174,1338
616,175,917
617,175,611
618,175,789
619,175,807
620,176,554
621,176,233
622,176,602
623,176,1276
624,177,545
625,177,891
626,177,100
627,177,915
628,178,179
629,178,628
630,178,1322
631,178,701
632,179,1580
633,179,1231
634,179,1014
635,179,522
636,180,1241
637,180,1101
638,180,331
639,180,506
640,181,1295
641,181,549
642,181,739
643,181,1376
644,182,137
645,182,1279
646,182,857
647,182,824
648,183,975
649,183,264
650,183,1305
651,183,594
652,185,1500
653,185,1428
654,185,166
655,185,515
656,187,751
657,187,542
658,187,149
659,187,1055
660,188,1094
661,188,732
662,188,1549
663,188,274
664,189,1362
665,189,256
666,189,242
667,189,37
668,190,83
669,190,190
670,190,229
671,190,322
672,191,1103
673,191,61
674,191,1274
675,191,519
676,193,1039
677,193,1106
678,193,1273
679,193,970
680,194,859
681,194,137
682,194,1344
683,194,1119
684,195,1548
685,195,1185
686,195,755
687,195,716
688,196,286
689,196,603
690,196,1388
691,196,587
692,198,475
693,198,1587
694,198,265
695,198,1027
696,199,183
697,199,878
698,199,1064
699,199,66
700,200,435
701,200,897
702,200,367
703,200,82
704,201,1545
705,201,479
706,201,193
707,201,219
708,202,356
709,202,684
710,202,1092
711,202,625
712,203,802
713,203,1429
714,203,1088
715,203,1629
716,204,1322
717,204,575
718,204,1512
719,204,697
720,205,1429
721,205,1518
722,205,699
723,205,1161
724,206,658
725,206,1103
726,206,714
727,206,893
728,207,540
729,207,466
730,207,1267
731,207,949
732,208,14
733,208,567
734,208,1175
735,208,1315
736,209,920
737,209,1080
738,209,1343
739,209,1514
740,211,435
741,211,257
742,211,48
743,211,325
744,212,1577
745,212,1420
746,212,152
747,212,1272
748,213,1440
749,213,1083
750,213,806
751,213,1572
752,215,288
753,215,1165
754,215,1549
755,215,1460
756,216,220
757,216,1195
758,216,557
759,216,268
760,217,286
761,217,1388
762,217,1404
763,217,1328
764,218,994
765,218,669
766,218,1524
767,218,172
768,220,7
769,220,1190
770,220,283
771,220,543
772,221,1433
773,221,1536
774,221,578
775,221,369
776,222,1223
777,222,208
778,222,1239
779,222,934
780,223,1021
781,223,877
782,223,1211
783,223,971
784,224,358
785,224,1338
786,224,310
787,224,1460
788,225,690
789,225,709
790,225,487
791,225,439
792,226,1401
793,226,1440
794,226,1308
795,226,1081
796,227,319
797,227,1274
798,227,728
799,227,1208
800,228,26
801,228,947
802,228,1562
803,228,58
804,229,104
805,229,468
806,229,1433
807,229,958
808,231,624
809,231,140
810,231,1422
811,231,1035
812,232,1231
813,232,730
814,232,578
815,232,1591
816,233,558
817,233,1282
818,233,347
819,233,1352
820,234,1545
821,234,1287
822,234,722
823,234,1448
824,235,288
825,235,732
826,235,276
827,235,479
828,236,984
829,236,490
830,236,511
831,236,1241
832,237,1165
833,237,1253
834,237,572
835,237,198
836,238,855
837,238,1086
838,238,433
839,238,994
840,239,1278
841,239,512
842,239,1056
843,239,26
844,240,1392
845,240,1076
846,240,645
847,240,405
848,241,211
849,241,1440
850,241,984
851,241,1112
852,242,81
853,242,190
854,242,963
855,242,1139
856,243,1004
857,243,444
858,243,627
859,243,963
860,244,147
861,244,681
862,244,476
863,244,643
864,245,984
865,245,901
866,245,1468
867,245,216
868,246,601
869,246,1358
870,246,118
871,246,74
872,247,827
873,247,316
874,247,282
875,247,1097
876,248,120
877,248,468
878,248,572
879,248,198
880,249,1089
881,249,1343
882,249,816
883,249,689
884,250,525
885,250,1217
886,250,119
887,250,159
888,251,406
889,251,41
890,251,146
891,251,979
892,252,312
893,252,1121
894,252,103
895,252,599
896,253,1200
897,253,330
898,253,685
899,253,1173
900,254,92
901,254,488
902,254,666
903,254,1238
904,255,1231
905,255,1580
906,255,1336
907,255,972
908,256,1625
909,256,212
910,256,837
911,256,439
912,257,47
913,257,237
914,257,968
915,257,1306
916,258,652
917,258,100
918,258,529
919,258,851
920,259,1510
921,259,532
922,259,1030
923,259,196
924,260,1303
925,260,980
926,260,1116
927,260,277
928,261,1106
929,261,1625
930,261,451
931,261,90
932,262,1165
933,262,1131
934,262,1588
935,262,1614
936,263,1569
937,263,1515
938,263,927
939,263,1516
940,264,277
941,264,1460
942,264,1457
943,264,1440
944,265,1083
945,265,1604
946,265,1570
947,265,939
948,266,875
949,266,987
950,266,84
951,266,3
952,267,1321
953,267,1623
954,267,1633
955,267,158
956,268,1547
957,268,581
958,268,600
959,268,603
960,269,601
961,269,970
962,269,1366
963,269,372
964,271,358
965,271,692
966,271,1162
967,271,817
968,272,1044
969,272,607
970,272,1300
971,272,100
972,273,787
973,273,269
974,273,609
975,273,229
976,274,517
977,274,28
978,274,1032
979,274,634
980,276,1545
981,276,1153
982,276,90
983,276,1205
984,277,269
985,277,787
986,277,609
987,277,1186
988,278,646
989,278,1322
990,278,1039
991,278,126
992,279,201
993,279,1568
994,279,1363
995,279,1633
996,280,1322
997,280,574
998,280,575
999,280,419
1000,281,726
1001,281,326
1002,281,1039
1003,281,1617
1004,282,1322
1005,282,816
1006,282,1273
1007,282,1041
1008,284,446
1009,284,61
1010,284,76
1011,284,181
1012,285,435
1013,285,773
1014,285,608
1015,285,801
1016,286,480
1017,286,1577
1018,286,10
1019,286,706
1020,287,1625
1021,287,623
1022,287,786
1023,287,539
1024,288,269
1025,288,1131
1026,288,446
1027,288,1411
1028,289,1625
1029,289,920
1030,289,1223
1031,289,1348
1032,291,1619
1033,291,1454
1034,291,1620
1035,291,422
1036,292,113
1037,292,235
1038,292,1289
1039,292,109
1040,293,1424
1041,293,1343
1042,293,1623
1043,293,283
1044,295,595
1045,295,80
1046,295,1115
1047,295,406
1048,296,187
1049,296,1510
1050,296,48
1051,296,1017
1052,297,1284
1053,297,396
1054,297,775
1055,297,294
1056,298,118
1057,298,1090
1058,298,22
1059,298,479
1060,299,242
1061,299,775
1062,299,405
1063,299,82
1064,300,359
1065,300,1237
1066,300,313
1067,300,1047
1068,301,398
1069,301,1049
1070,301,283
1071,301,381
1072,302,1042
1073,302,1502
1074,302,475
1075,302,177
1076,303,918
1077,303,288
1078,303,112
1079,303,521
1080,304,110
1081,304,321
1082,304,488
1083,304,854
1084,305,693
1085,305,60
1086,305,1489
1087,305,1130
1088,306,749
1089,306,805
1090,306,1223
1091,306,866
1092,307,1094
1093,307,781
1094,307,594
1095,307,118
1096,309,992
1097,309,1630
1098,309,1426
1099,309,349
1100,310,345
1101,310,1289
1102,310,961
1103,310,62
1104,311,1264
1105,311,1389
1106,311,1535
1107,311,641
1108,312,1010
1109,312,27
1110,312,1372
1111,312,162
1112,313,500
1113,313,1197
1114,313,362
1115,313,588
1116,314,607
1117,314,1044
1118,314,1300
1119,314,264
1120,315,364
1121,315,490
1122,315,1356
1123,315,219
1124,316,286
1125,316,661
1126,316,1532
1127,316,438
1128,317,283
1129,317,1070
1130,317,535
1131,317,168
1132,319,1210
1133,319,441
1134,319,393
1135,319,1252
1136,320,1586
1137,320,1243
1138,320,435
1139,320,797
1140,321,269
1141,321,707
1142,321,348
1143,321,391
1144,322,1308
1145,322,706
1146,322,736
1147,322,261
1148,323,557
1149,323,1554
1150,323,612
1151,323,1517
1152,324,841
1153,324,74
1154,324,314
1155,324,1215
1156,325,726
1157,325,92
1158,325,841
1159,325,1338
1160,326,1586
1161,326,1344
1162,326,456
1163,326,1636
1164,327,364
1165,327,658
1166,327,731
1167,327,94
1168,328,1003
1169,328,205
1170,328,1359
1171,328,748
1172,329,132
1173,329,615
1174,329,57
1175,329,1230
1176,330,288
1177,330,1594
1178,330,1597
1179,330,952
1180,331,99
1181,331,872
1182,331,885
1183,331,709
1184,332,212
1185,332,1443
1186,332,927
1187,332,318
1188,333,1067
1189,333,712
1190,333,676
1191,333,1472
1192,334,359
1193,334,1374
1194,334,386
1195,334,802
1196,335,357
1197,335,288
1198,335,1215
1199,335,49
1200,337,212
1201,337,714
1202,337,1321
1203,337,635
1204,339,1429
1205,339,123
1206,339,1163
1207,339,938
1208,340,17
1209,340,429
1210,340,1598
1211,340,902
1212,341,1586
1213,341,1243
1214,341,1124
1215,341,797
1216,342,802
1217,342,240
1218,342,479
1219,342,1237
1220,343,269
1221,343,666
1222,343,1018
1223,343,681
1224,344,244
1225,344,1328
1226,344,1201
1227,344,1218
1228,345,1540
1229,345,913
1230,345,1562
1231,345,1522
1232,346,984
1233,346,1065
1234,346,1285
1235,346,1135
1236,347,272
1237,347,315
1238,347,1443
1239,347,607
1240,348,295
1241,348,80
1242,348,212
1243,348,714
1244,349,1083
1245,349,74
1246,349,12
1247,349,782
1248,350,1223
1249,350,1273
1250,350,871
1251,350,924
1252,352,714
1253,352,1321
1254,352,212
1255,352,447
1256,353,862
1257,353,818
1258,353,966
1259,353,603
1260,354,726
1261,354,919
1262,354,1467
1263,354,202
1264,355,1429
1265,355,123
1266,355,1518
1267,355,862
1268,356,176
1269,356,827
1270,356,697
1271,356,61
1272,358,446
1273,358,516
1274,358,1553
1275,358,1456
1276,359,652
1277,359,787
1278,359,1424
1279,359,693
1280,360,415
1281,360,1273
1282,360,192
1283,360,1007
1284,361,1606
1285,361,763
1286,361,1052
1287,361,1304
1288,362,98
1289,362,937
1290,362,1255
1291,362,297
1292,363,291
1293,363,1629
1294,363,1632
1295,363,183
1296,364,726
1297,364,488
1298,364,1617
1299,364,11
1300,365,805
1301,365,554
1302,365,39
1303,365,1278
1304,366,403
1305,366,529
1306,366,1403
1307,366,108
1308,367,919
1309,367,1327
1310,367,1503
1311,367,1251
1312,369,92
1313,369,488
1314,369,1297
1315,369,617
1316,370,630
1317,370,1543
1318,370,1332
1319,370,1170
1320,371,638
1321,371,1425
1322,371,431
1323,371,1477
1324,372,437
1325,372,874
1326,372,1607
1327,372,1521
1328,373,895
1329,373,1366
1330,373,539
1331,373,545
1332,374,104
1333,374,658
1334,374,1153
1335,374,1508
1336,375,1090
1337,375,600
1338,375,1447
1339,375,1287
1340,376,1181
1341,376,516
1342,376,127
1343,376,178
1344,377,781
1345,377,183
1346,377,345
1347,377,755
1348,378,1095
1349,378,1486
1350,378,1515
1351,378,1257
1352,379,1237
1353,379,364
1354,379,1050
1355,379,133
1356,380,1486
1357,380,689
1358,380,737
1359,380,134
1360,381,704
1361,381,1493
1362,381,332
1363,381,792
1364,382,646
1365,382,1273
1366,382,1218
1367,382,520
1368,384,1547
1369,384,1040
1370,384,33
1371,384,82
1372,385,292
1373,385,1606
1374,385,459
1375,385,1604
1376,386,681
1377,386,101
1378,386,1526
1379,386,1045
1380,387,17
1381,387,898
1382,387,1122
1383,387,1250
1384,388,1358
1385,388,264
1386,388,1065
1387,388,1078
1388,389,601
1389,389,1609
1390,389,1498
1391,389,1307
1392,390,1502
1393,390,1008
1394,390,1610
1395,390,1386
1396,391,876
1397,391,796
1398,391,1529
1399,391,1091
1400,392,1416
1401,392,612
1402,392,678
1403,392,692
1404,393,1103
1405,393,862
1406,393,1424
1407,393,699
1408,395,17
1409,395,898
1410,395,293
1411,395,385
1412,396,202
1413,396,1127
1414,396,584
1415,396,870
1416,397,451
1417,397,982
1418,397,1536
1419,397,1612
1420,398,1587
1421,398,1023
1422,398,785
1423,398,679
1424,400,269
1425,400,44
1426,400,1213
1427,400,1067
1428,401,1389
1429,401,786
1430,401,1106
1431,401,1259
1432,404,1467
1433,404,688
1434,404,1357
1435,404,828
1436,405,656
1437,405,1122
1438,405,1000
1439,405,969
1440,406,985
1441,406,474
1442,406,1127
1443,406,1494
1444,407,732
1445,407,755
1446,407,292
1447,407,1041
1448,408,1026
1449,408,1628
1450,408,423
1451,408,1337
1452,409,714
1453,409,809
1454,409,966
1455,409,1617
1456,410,439
1457,410,301
1458,410,1450
1459,410,1459
1460,411,968
1461,411,1017
1462,411,514
1463,411,953
1464,412,113
1465,412,1289
1466,412,577
1467,412,235
1468,413,199
1469,413,771
1470,413,1466
1471,413,593
1472,415,689
1473,415,727
1474,415,1555
1475,415,1126
1476,416,839
1477,416,1111
1478,416,579
1479,416,551
1480,419,364
1481,419,490
1482,419,1356
1483,419,192
1484,420,1103
1485,420,256
1486,420,650
1487,420,999
1488,421,1392
1489,421,264
1490,421,495
1491,421,1582
1492,422,942
1493,422,1236
1494,422,281
1495,422,125
1496,423,975
1497,423,1381
1498,423,630
1499,423,173
1500,424,1481
1501,424,503
1502,424,955
1503,424,582
1504,425,557
1505,425,4
1506,425,1153
1507,425,102
1508,426,211
1509,426,264
1510,426,1532
1511,426,820
1512,427,1128
1513,427,727
1514,427,805
1515,427,802
1516,428,1058
1517,428,447
1518,428,746
1519,428,822
1520,431,2
1521,431,1012
1522,431,1149
1523,431,1434
1524,432,179
1525,432,1223
1526,432,1249
1527,432,1606
1528,433,211
1529,433,1141
1530,433,366
1531,433,650
1532,434,1545
1533,434,722
1534,434,1448
1535,434,1245
1536,437,1406
1537,437,233
1538,437,33
1539,437,630
1540,438,1161
1541,438,509
1542,438,1550
1543,438,1202
1544,439,7
1545,439,283
1546,439,309
1547,439,740
1548,441,652
1549,441,1125
1550,441,1274
1551,441,1131
1552,442,1392
1553,442,494
1554,442,415
1555,442,739
1556,443,343
1557,443,1511
1558,443,772
1559,443,717
1560,444,1362
1561,444,1125
1562,444,769
1563,444,513
1564,447,853
1565,447,1214
1566,447,955
1567,447,1275
1568,448,1380
1569,448,823
1570,448,1310
1571,448,1271
1572,449,1365
1573,449,1405
1574,449,664
1575,449,1489
1576,450,283
1577,450,827
1578,450,536
1579,450,1261
1580,451,1322
1581,451,1128
1582,451,575
1583,451,419
1584,452,646
1585,452,1161
1586,452,285
1587,452,815
1588,453,397
1589,453,177
1590,453,251
1591,453,129
1592,454,557
1593,454,4
1594,454,1153
1595,454,102
1596,455,44
1597,455,1537
1598,455,407
1599,455,1510
1600,456,1015
1601,456,1520
1602,456,122
1603,456,936
1604,457,1389
1605,457,1366
1606,457,1052
1607,457,337
1608,458,1606
1609,458,897
1610,458,62
1611,458,1488
1612,459,17
1613,459,709
1614,459,237
1615,459,1192
1616,460,957
1617,460,862
1618,460,305
1619,460,791
1620,461,175
1621,461,1288
1622,461,786
1623,461,722
1624,462,943
1625,462,1354
1626,462,660
1627,462,741
1628,463,1274
1629,463,1554
1630,463,1538
1631,463,94
1632,465,628
1633,465,436
1634,465,1204
1635,465,1364
1636,466,1322
1637,466,816
1638,466,675
1639,466,1273
1640,467,104
1641,467,970
1642,467,282
1643,467,363
1644,468,646
1645,468,1157
1646,468,1396
1647,468,619
1648,469,1433
1649,469,382
1650,469,682
1651,469,1167
1652,470,1606
1653,470,1042
1654,470,400
1655,470,504
1656,471,398
1657,471,1358
1658,471,282
1659,471,805
1660,472,913
1661,472,687
1662,472,1312
1663,472,818
1664,473,767
1665,473,1517
1666,473,282
1667,473,72
1668,474,364
1669,474,490
1670,474,1356
1671,474,1104
1672,475,175
1673,475,242
1674,475,771
1675,475,34
1676,476,1501
1677,476,601
1678,476,1544
1679,476,745
1680,477,1573
1681,477,1048
1682,477,1418
1683,477,1574
1684,481,917
1685,481,688
1686,481,1241
1687,481,1131
1688,482,220
1689,482,697
1690,482,1090
1691,482,1505
1692,483,262
1693,483,282
1694,483,128
1695,483,5
1696,486,674
1697,486,846
1698,486,240
1699,486,191
1700,487,779
1701,487,1263
1702,487,1194
1703,487,1123
1704,488,826
1705,488,806
1706,488,317
1707,488,383
1708,489,1608
1709,489,1029
1710,489,1332
1711,489,23
1712,490,210
1713,490,988
1714,490,1232
1715,490,606
1716,491,328
1717,491,1182
1718,491,883
1719,491,571
1720,492,398
1721,492,1131
1722,492,1285
1723,492,545
1724,493,1130
1725,493,734
1726,493,983
1727,493,1489
1728,494,447
1729,494,1000
1730,494,1286
1731,494,1510
1732,495,1404
1733,495,721
1734,495,1009
1735,495,427
1736,496,1608
1737,496,58
1738,496,275
1739,496,1373
1740,497,1608
1741,497,1555
1742,497,805
1743,497,704
1744,498,468
1745,498,1
1746,498,926
1747,498,753
1748,499,557
1749,499,666
1750,499,959
1751,499,324
1752,500,450
1753,500,795
1754,500,778
1755,500,310
1756,501,437
1757,501,874
1758,501,1521
1759,501,561
1760,502,264
1761,502,1338
1762,502,1398
1763,502,926
1764,504,1097
1765,504,585
1766,504,1274
1767,504,668
1768,507,7
1769,507,1502
1770,507,202
1771,507,185
1772,508,1634
1773,508,802
1774,508,552
1775,508,283
1776,509,488
1777,509,1464
1778,509,1303
1779,509,970
1780,510,1389
1781,510,554
1782,510,438
1783,510,1221
1784,511,151
1785,511,387
1786,511,1355
1787,511,1624
1788,512,1042
1789,512,1112
1790,512,1296
1791,512,371
1792,513,1042
1793,513,1634
1794,513,775
1795,513,154
1796,514,925
1797,514,1231
1798,514,1063
1799,514,1304
1800,516,488
1801,516,71
1802,516,1248
1803,516,351
1804,517,295
1805,517,755
1806,517,178
1807,517,1444
1808,518,1433
1809,518,403
1810,518,601
1811,518,1444
1812,519,607
1813,519,1044
1814,519,1300
1815,519,886
1816,520,282
1817,520,1517
1818,520,107
1819,520,803
1820,521,665
1821,521,314
1822,521,222
1823,521,847
1824,522,1103
1825,522,1249
1826,522,252
1827,522,692
1828,523,131
1829,523,42
1830,523,1585
1831,523,1349
1832,525,316
1833,525,265
1834,525,969
1835,525,681
1836,526,200
1837,526,1513
1838,526,1509
1839,526,1579
1840,528,987
1841,528,141
1842,528,3
1843,528,912
1844,529,7
1845,529,463
1846,529,242
1847,529,887
1848,530,722
1849,530,1274
1850,530,451
1851,530,1407
1852,531,1358
1853,531,10
1854,531,38
1855,531,1037
1856,532,69
1857,532,1613
1858,532,328
1859,532,232
1860,534,1404
1861,534,1153
1862,534,1138
1863,534,79
1864,535,340
1865,535,711
1866,535,432
1867,535,879
1868,536,5
1869,536,416
1870,536,615
1871,536,1409
1872,537,1545
1873,537,1341
1874,537,1304
1875,537,1602
1876,538,17
1877,538,385
1878,538,1245
1879,538,869
1880,541,509
1881,541,1258
1882,541,1216
1883,541,783
1884,542,212
1885,542,111
1886,542,10
1887,542,1321
1888,546,1115
1889,546,755
1890,546,913
1891,546,14
1892,547,876
1893,547,563
1894,547,1129
1895,547,287
1896,548,1094
1897,548,781
1898,548,594
1899,548,118
1900,549,457
1901,549,1161
1902,549,1337
1903,549,970
1904,551,709
1905,551,1587
1906,551,785
1907,551,758
1908,552,1360
1909,552,755
1910,552,1605
1911,552,392
1912,553,1134
1913,553,859
1914,553,1095
1915,553,661
1916,556,715
1917,556,1363
1918,556,921
1919,556,765
1920,557,679
1921,557,1288
1922,557,755
1923,557,68
1924,558,1001
1925,558,416
1926,558,1396
1927,558,148
1928,559,288
1929,559,314
1930,559,219
1931,559,181
1932,560,1004
1933,560,1080
1934,560,390
1935,560,1514
1936,561,1486
1937,561,689
1938,561,737
1939,561,414
1940,562,669
1941,562,1441
1942,562,734
1943,562,989
1944,563,501
1945,563,831
1946,563,659
1947,563,526
1948,564,763
1949,564,631
1950,564,670
1951,564,1399
1952,565,919
1953,565,288
1954,565,276
1955,565,1378
1956,566,962
1957,566,601
1958,566,542
1959,566,1338
1960,567,1440
1961,567,1346
1962,567,1572
1963,567,806
1964,568,471
1965,568,1098
1966,568,712
1967,568,679
1968,569,1547
1969,569,1400
1970,569,181
1971,569,46
1972,570,554
1973,570,821
1974,570,633
1975,570,417
1976,571,252
1977,571,961
1978,571,861
1979,571,1195
1980,572,80
1981,572,1484
1982,572,656
1983,572,1228
1984,573,1321
1985,573,118
1986,573,1294
1987,573,87
1988,574,1467
1989,574,1556
1990,574,569
1991,574,11
1992,575,1134
1993,575,4
1994,575,864
1995,575,313
1996,576,1384
1997,576,968
1998,576,1278
1999,576,683
2000,577,291
2001,577,262
2002,577,177
2003,577,495
2004,578,697
2005,578,542
2006,578,1215
2007,578,238
2008,579,714
2009,579,809
2010,579,966
2011,579,1256
2012,580,1362
2013,580,913
2014,580,524
2015,580,976
2016,581,377
2017,581,32
2018,581,564
2019,581,695
2020,583,688
2021,583,252
2022,583,1316
2023,583,472
2024,584,252
2025,584,1068
2026,584,626
2027,584,397
2028,585,211
2029,585,1331
2030,585,787
2031,585,1256
2032,586,1190
2033,586,504
2034,586,1379
2035,586,1060
2036,587,633
2037,587,1142
2038,587,415
2039,587,542
2040,588,595
2041,588,1128
2042,588,773
2043,588,1461
2044,589,314
2045,589,1343
2046,589,286
2047,589,1126
2048,590,882
2049,590,197
2050,590,489
2051,590,830
2052,591,1110
2053,591,1199
2054,591,508
2055,591,954
2056,592,1161
2057,592,1331
2058,592,1618
2059,592,653
2060,593,1548
2061,593,1199
2062,593,654
2063,593,1071
2064,594,71
2065,594,940
2066,594,269
2067,594,1593
2068,595,1606
2069,595,1042
2070,595,978
2071,595,1522
2072,596,915
2073,596,283
2074,596,1304
2075,596,254
2076,597,1414
2077,597,412
2078,597,76
2079,597,251
2080,598,1370
2081,598,1041
2082,598,1289
2083,598,527
2084,599,1382
2085,599,903
2086,599,418
2087,599,1347
2088,600,1606
2089,600,787
2090,600,211
2091,600,1539
2092,601,1416
2093,601,1362
2094,601,488
2095,601,566
2096,602,1085
2097,602,498
2098,602,410
2099,602,1111
2100,604,628
2101,604,242
2102,604,434
2103,604,104
2104,605,1061
2105,605,1446
2106,605,900
2107,605,1212
2108,608,679
2109,608,273
2110,608,690
2111,608,1471
2112,609,117
2113,609,130
2114,609,1485
2115,609,1229
2116,610,1337
2117,610,1421
2118,610,426
2119,610,760
2120,611,59
2121,611,1594
2122,611,489
2123,611,39
2124,612,1390
2125,612,1254
2126,612,1118
2127,612,1525
2128,613,1274
2129,613,1042
2130,613,1392
2131,613,1484
2132,614,211
2133,614,262
2134,614,1383
2135,614,1053
2136,615,802
2137,615,1404
2138,615,827
2139,615,1558
2140,616,612
2141,616,1305
2142,616,278
2143,616,884
2144,617,1242
2145,617,213
2146,617,142
2147,617,881
2148,619,113
2149,619,1382
2150,619,1536
2151,619,659
2152,620,179
2153,620,920
2154,620,784
2155,620,869
2156,621,1430
2157,621,1560
2158,621,907
2159,621,911
2160,622,855
2161,622,1102
2162,622,616
2163,622,1465
2164,623,1610
2165,623,277
2166,623,1476
2167,624,677
2168,624,73
2169,624,402
2170,624,368
2171,625,968
2172,625,520
2173,625,1017
2174,625,514
2175,626,319
2176,626,206
2177,626,242
2178,626,855
2179,627,1230
2180,627,601
2181,627,581
2182,627,514
2183,630,179
2184,630,1330
2185,630,1223
2186,630,408
2187,631,646
2188,631,118
2189,631,819
2190,631,1207
2191,632,652
2192,632,1424
2193,632,1280
2194,632,983
2195,633,845
2196,633,592
2197,633,576
2198,633,425
2199,636,1424
2200,636,865
2201,636,1241
2202,636,961
2203,637,646
2204,637,1122
2205,637,1580
2206,637,703
2207,638,1548
2208,638,1440
2209,638,574
2210,638,681
2211,639,591
2212,639,1062
2213,639,334
2214,639,1438
2215,640,680
2216,640,70
2217,640,1417
2218,640,289
2219,641,1608
2220,641,1517
2221,641,640
2222,641,225
2223,642,376
2224,642,1054
2225,642,1159
2226,642,1313
2227,644,1260
2228,644,1244
2229,644,499
2230,644,1036
2231,647,212
2232,647,1443
2233,647,357
2234,647,1299
2235,650,1633
2236,650,996
2237,650,369
2238,650,533
2239,651,781
2240,651,594
2241,651,35
2242,651,1538
2243,653,1231
2244,653,1343
2245,653,1566
2246,653,977
2247,654,99
2248,654,799
2249,654,31
2250,654,1399
2251,656,295
2252,656,781
2253,656,300
2254,656,681
2255,657,467
2256,657,1226
2257,657,501
2258,657,455
2259,658,1083
2260,658,1604
2261,658,1611
2262,658,1198
2263,659,1161
2264,659,1584
2265,659,145
2266,659,800
2267,660,553
2268,660,1180
2269,660,1380
2270,660,510
2271,661,1424
2272,661,652
2273,661,544
2274,661,373
2275,662,437
2276,662,233
2277,662,1583
2278,662,653
2279,663,1153
2280,663,438
2281,663,262
2282,663,1122
2283,664,1389
2284,664,1109
2285,664,1089
2286,664,395
2287,665,621
2288,665,95
2289,665,1335
2290,665,449
2291,666,878
2292,666,816
2293,666,7
2294,666,1065
2295,667,501
2296,667,387
2297,667,490
2298,667,346
2299,668,1042
2300,668,1423
2301,668,74
2302,668,729
2303,669,1042
2304,669,435
2305,669,128
2306,669,1561
2307,670,957
2308,670,412
2309,670,710
2310,670,843
2311,672,1548
2312,672,545
2313,672,1199
2314,672,756
2315,673,722
2316,673,128
2317,673,224
2318,673,574
2319,674,1366
2320,674,202
2321,674,1253
2322,674,1041
2323,676,1523
2324,676,1027
2325,676,950
2326,676,89
2327,677,1486
2328,677,147
2329,677,0
2330,677,1589
2331,678,974
2332,678,1378
2333,678,296
2334,678,644
2335,679,1016
2336,679,174
2337,679,1318
2338,679,67
2339,680,246
2340,680,1619
2341,680,845
2342,680,738
2343,681,714
2344,681,809
2345,681,966
2346,681,1617
2347,682,1532
2348,682,763
2349,682,511
2350,682,691
2351,683,855
2352,683,284
2353,683,1618
2354,683,486
2355,684,974
2356,684,663
2357,684,1329
2358,684,705
2359,685,1608
2360,685,1342
2361,685,1617
2362,685,1102
2363,686,320
2364,686,553
2365,686,594
2366,686,399
2367,687,1478
2368,687,930
2369,687,227
2370,687,967
2371,688,586
2372,688,1388
2373,688,661
2374,688,1269
2375,689,1547
2376,689,1533
2377,689,747
2378,689,1171
2379,690,545
2380,690,320
2381,690,1548
2382,690,1041
2383,691,1135
2384,691,1442
2385,691,1124
2386,691,150
2387,692,56
2388,692,1427
2389,692,923
2390,692,1262
2391,694,914
2392,694,480
2393,694,904
2394,694,19
2395,695,1483
2396,695,617
2397,695,20
2398,695,1491
2399,698,1113
2400,698,1475
2401,698,157
2402,698,231
2403,699,240
2404,699,839
2405,699,1537
2406,699,1019
2407,702,1042
2408,702,1131
2409,702,1423
2410,702,757
2411,703,240
2412,703,593
2413,703,1153
2414,703,1053
2415,704,1192
2416,704,601
2417,704,1436
2418,704,443
2419,705,435
2420,705,195
2421,705,1017
2422,705,1072
2423,708,1433
2424,708,273
2425,708,1304
2426,708,113
2427,709,1322
2428,709,1323
2429,709,1580
2430,709,195
2431,710,495
2432,710,1288
2433,710,739
2434,710,313
2435,711,1440
2436,711,1083
2437,711,806
2438,711,1572
2439,712,491
2440,712,1551
2441,712,169
2442,712,165
2443,713,410
2444,713,1632
2445,713,269
2446,713,1337
2447,714,991
2448,714,1158
2449,714,1079
2450,714,1156
2451,715,179
2452,715,1122
2453,715,1023
2454,715,725
2455,716,456
2456,716,234
2457,716,601
2458,716,1330
2459,717,22
2460,717,894
2461,717,723
2462,717,896
2463,718,1410
2464,718,982
2465,718,550
2466,718,43
2467,719,1358
2468,719,710
2469,719,127
2470,719,490
2471,720,1424
2472,720,1343
2473,720,1623
2474,720,981
2475,721,277
2476,721,1460
2477,721,1610
2478,721,661
2479,722,1290
2480,722,938
2481,722,537
2482,722,1127
2483,723,17
2484,723,1377
2485,723,898
2486,723,293
2487,724,649
2488,724,249
2489,724,329
2490,724,215
2491,725,636
2492,725,640
2493,725,1499
2494,725,1601
2495,726,781
2496,726,1123
2497,726,503
2498,726,594
2499,727,1131
2500,727,841
2501,727,1227
2502,727,708
2503,728,451
2504,728,730
2505,728,1238
2506,728,1353
2507,729,968
2508,729,212
2509,729,1433
2510,729,730
2511,730,353
2512,730,1437
2513,730,1021
2514,730,754
2515,731,1587
2516,731,1223
2517,731,1343
2518,731,9
2519,732,1448
2520,732,1183
2521,732,1424
2522,732,1093
2523,734,1547
2524,734,160
2525,734,694
2526,734,607
2527,735,445
2528,735,233
2529,735,1166
2530,735,1618
2531,736,151
2532,736,283
2533,736,307
2534,736,178
2535,737,487
2536,737,906
2537,737,946
2538,737,995
2539,738,957
2540,738,1358
2541,738,1041
2542,738,567
2543,739,295
2544,739,264
2545,739,1165
2546,739,223
2547,740,218
2548,740,737
2549,740,1030
2550,740,1126
2551,741,1089
2552,741,917
2553,741,1250
2554,741,465
2555,742,447
2556,742,1575
2557,742,1321
2558,742,1351
2559,743,1298
2560,743,1452
2561,743,1224
2562,743,258
2563,744,697
2564,744,1058
2565,744,577
2566,744,805
2567,745,1623
2568,745,1603
2569,745,483
2570,745,793
2571,746,1423
2572,746,276
2573,746,968
2574,746,74
2575,749,464
2576,749,1005
2577,749,116
2578,749,596
2579,750,984
2580,750,48
2581,750,216
2582,750,1168
2583,751,127
2584,751,1362
2585,751,386
2586,751,1341
2587,752,850
2588,752,220
2589,752,863
2590,752,1339
2591,753,319
2592,753,219
2593,753,313
2594,753,460
2595,754,1290
2596,754,291
2597,754,1548
2598,754,1531
2599,760,1042
2600,760,295
2601,760,80
2602,760,1088
2603,761,528
2604,761,891
2605,761,790
2606,761,1512
2607,762,785
2608,762,1322
2609,762,1404
2610,762,434
2611,763,593
2612,763,5
2613,763,35
2614,763,170
2615,764,1440
2616,764,1122
2617,764,1342
2618,764,1099
2619,765,501
2620,765,955
2621,765,1074
2622,765,18
2623,766,2
2624,766,136
2625,766,1391
2626,766,207
2627,768,584
2628,768,264
2629,768,1440
2630,768,848
2631,769,1163
2632,769,255
2633,769,163
2634,769,836
2635,770,1549
2636,770,720
2637,770,1443
2638,770,1001
2639,771,358
2640,771,1205
2641,771,1056
2642,771,817
2643,773,693
2644,773,557
2645,773,309
2646,773,335
2647,774,1238
2648,774,244
2649,774,703
2650,774,204
2651,775,601
2652,775,1274
2653,775,1415
2654,775,469
2655,776,1223
2656,776,934
2657,776,1097
2658,776,482
2659,777,1022
2660,777,1301
2661,777,698
2662,777,1439
2663,781,968
2664,781,405
2665,781,673
2666,781,29
2667,782,1366
2668,782,1164
2669,782,1064
2670,782,178
2671,783,895
2672,783,394
2673,783,1612
2674,783,355
2675,785,286
2676,785,60
2677,785,485
2678,785,766
2679,786,1547
2680,786,170
2681,786,171
2682,786,265
2683,788,182
2684,788,804
2685,788,1030
2686,788,96
2687,789,17
2688,789,99
2689,789,1420
2690,789,898
2691,790,1608
2692,790,276
2693,790,679
2694,790,641
2695,791,81
2696,791,1539
2697,791,1080
2698,791,613
2699,792,1321
2700,792,1123
2701,792,407
2702,792,768
2703,793,1424
2704,793,459
2705,793,336
2706,793,559
2707,794,546
2708,794,1449
2709,794,1246
2710,794,1120
2711,795,1384
2712,795,459
2713,795,661
2714,795,1025
2715,796,1165
2716,796,156
2717,796,899
2718,796,260
2719,797,295
2720,797,1472
2721,797,719
2722,797,1626
2723,798,1467
2724,798,920
2725,798,186
2726,798,1140
2727,799,968
2728,799,353
2729,799,381
2730,799,209
2731,800,1448
2732,800,1183
2733,800,1044
2734,800,1341
2735,802,319
2736,802,1617
2737,802,1382
2738,802,311
2739,803,1286
2740,803,339
2741,803,104
2742,803,1331
2743,804,291
2744,804,895
2745,804,878
2746,804,888
2747,805,767
2748,805,1388
2749,805,1051
2750,805,1235
2751,806,1042
2752,806,733
2753,806,771
2754,806,229
2755,807,646
2756,807,548
2757,807,178
2758,807,54
2759,808,1134
2760,808,1429
2761,808,926
2762,808,713
2763,809,384
2764,809,1341
2765,809,1546
2766,809,629
2767,811,1155
2768,811,948
2769,811,1105
2770,811,452
2771,812,732
2772,812,1195
2773,812,1082
2774,812,622
2775,813,1580
2776,813,1253
2777,813,620
2778,813,247
2779,814,1616
2780,814,1249
2781,814,726
2782,814,471
2783,815,554
2784,815,1090
2785,815,191
2786,815,687
2787,816,398
2788,816,316
2789,816,750
2790,816,310
2791,818,652
2792,818,77
2793,818,859
2794,818,1412
2795,819,1596
2796,819,115
2797,819,53
2798,819,1557
2799,822,310
2800,822,973
2801,822,589
2802,822,92
2803,823,397
2804,823,269
2805,823,1043
2806,823,19
2807,824,1288
2808,824,1096
2809,824,1563
2810,824,1031
2811,830,259
2812,830,1578
2813,830,1193
2814,830,1059
2815,831,1486
2816,831,135
2817,831,1136
2818,831,245
2819,832,1627
2820,832,1319
2821,832,404
2822,832,1472
2823,833,1094
2824,833,1103
2825,833,661
2826,833,1479
2827,834,1067
2828,834,858
2829,834,421
2830,834,51
2831,835,1370
2832,835,110
2833,835,763
2834,835,178
2835,836,853
2836,836,656
2837,836,1600
2838,836,496
2839,837,24
2840,837,1033
2841,837,965
2842,837,1024
2843,838,17
2844,838,780
2845,838,492
2846,838,1188
2847,841,679
2848,841,690
2849,841,273
2850,841,709
2851,842,1532
2852,842,1071
2853,842,1278
2854,842,345
2855,843,913
2856,843,277
2857,843,904
2858,843,47
2859,844,107
2860,844,880
2861,844,1219
2862,844,241
2863,845,398
2864,845,291
2865,845,1342
2866,845,502
2867,846,398
2868,846,1160
2869,846,419
2870,846,771
2871,847,742
2872,847,1306
2873,847,1470
2874,847,715
2875,848,553
2876,848,743
2877,848,1487
2878,848,421
2879,850,268
2880,850,1490
2881,850,584
2882,850,1191
2883,851,743
2884,851,856
2885,851,903
2886,851,8
2887,852,878
2888,852,1039
2889,852,16
2890,852,577
2891,853,295
2892,853,262
2893,853,1632
2894,853,1617
2895,854,1288
2896,854,1404
2897,854,692
2898,854,304
2899,855,628
2900,855,608
2901,855,104
2902,855,434
2903,856,609
2904,856,1291
2905,856,124
2906,856,507
2907,857,295
2908,857,1384
2909,857,132
2910,857,1151
2911,858,597
2912,858,614
2913,858,1228
2914,858,1407
2915,859,1506
2916,859,868
2917,859,351
2918,859,477
2919,860,104
2920,860,323
2921,860,82
2922,860,547
2923,861,1327
2924,861,477
2925,861,248
2926,861,1146
2927,863,1467
2928,863,712
2929,863,441
2930,863,436
2931,864,1548
2932,864,1208
2933,864,1361
2934,864,94
2935,866,364
2936,866,835
2937,866,1077
2938,866,752
2939,867,984
2940,867,1396
2941,867,1530
2942,867,1480
2943,868,511
2944,868,1567
2945,868,198
2946,868,1214
2947,869,1627
2948,869,404
2949,869,1319
2950,869,1268
2951,870,1545
2952,870,1122
2953,870,1592
2954,870,1256
2955,871,1334
2956,871,167
2957,871,518
2958,871,610
2959,872,838
2960,872,657
2961,872,1621
2962,872,493
2963,873,288
2964,873,618
2965,873,809
2966,873,811
2967,874,118
2968,874,743
2969,874,1227
2970,874,1552
2971,875,865
2972,875,806
2973,875,810
2974,875,50
2975,876,722
2976,876,1343
2977,876,1320
2978,876,583
2979,877,1181
2980,877,1510
2981,877,776
2982,877,85
2983,878,264
2984,878,41
2985,878,1253
2986,878,1375
2987,879,435
2988,879,269
2989,879,25
2990,879,246
2991,880,1384
2992,880,968
2993,880,1341
2994,880,1278
2995,881,598
2996,881,1622
2997,881,1402
2998,881,1293
2999,882,489
3000,882,1547
3001,882,121
3002,882,319
3003,883,781
3004,883,1288
3005,883,1153
3006,883,314
3007,884,726
3008,884,118
3009,884,555
3010,884,849
3011,885,1181
3012,885,919
3013,885,1581
3014,885,1408
3015,886,211
3016,886,264
3017,886,538
3018,886,1144
3019,887,211
3020,887,1416
3021,887,732
3022,887,604
3023,888,1623
3024,888,1504
3025,888,203
3026,888,1309
3027,889,458
3028,889,724
3029,889,1302
3030,889,1592
3031,890,802
3032,890,1424
3033,890,113
3034,890,244
3035,893,601
3036,893,506
3037,893,344
3038,893,128
3039,894,1397
3040,894,908
3041,894,340
3042,894,922
3043,895,1486
3044,895,829
3045,895,1066
3046,895,568
3047,898,951
3048,898,266
3049,898,842
3050,898,910
3051,899,865
3052,899,557
3053,899,217
3054,899,497
3055,900,858
3056,900,118
3057,900,253
3058,900,243
3059,901,690
3060,901,62
3061,901,794
3062,901,1028
3063,902,1388
3064,902,825
3065,902,1169
3066,902,1270
3067,903,364
3068,903,1631
3069,903,1084
3070,903,14
3071,904,693
3072,904,264
3073,904,557
3074,904,335
3075,905,756
3076,905,545
3077,905,1106
3078,905,10
3079,907,1374
3080,907,1075
3081,907,1571
3082,907,1598
3083,908,554
3084,908,211
3085,908,1058
3086,908,1108
3087,909,1168
3088,909,459
3089,909,1114
3090,909,420
3091,910,1058
3092,910,862
3093,910,816
3094,910,575
3095,911,1377
3096,911,1588
3097,911,1542
3098,911,763
3099,913,809
3100,913,114
3101,913,1634
3102,913,1326
3103,914,478
3104,914,1073
3105,914,1178
3106,914,462
3107,915,648
3108,915,128
3109,915,401
3110,915,1148
3111,916,832
3112,916,833
3113,916,413
3114,916,1615
3115,917,1486
3116,917,966
3117,917,1281
3118,917,695
3119,919,181
3120,919,434
3121,919,35
3122,919,523
3123,920,1192
3124,920,358
3125,920,342
3126,920,180
3127,921,1103
3128,921,417
3129,921,1205
3130,921,91
3131,922,1567
3132,922,986
3133,922,759
3134,922,1395
3135,923,1623
3136,923,1069
3137,923,961
3138,923,1524
3139,924,932
3140,924,1258
3141,924,1223
3142,924,279
3143,925,214
3144,925,903
3145,925,856
3146,925,656
3147,926,919
3148,926,1327
3149,926,1503
3150,926,562
3151,927,530
3152,927,1143
3153,927,1245
3154,927,1034
3155,928,1067
3156,928,1161
3157,928,887
3158,928,1367
3159,931,890
3160,931,826
3161,931,397
3162,931,88
3163,932,283
3164,932,1141
3165,932,662
3166,932,813
3167,935,1387
3168,935,702
3169,935,941
3170,935,560
3171,936,1606
3172,936,763
3173,936,1370
3174,936,544
3175,937,411
3176,937,153
3177,937,155
3178,937,30
3179,938,1277
3180,938,471
3181,938,982
3182,938,893
3183,941,1593
3184,941,212
3185,941,959
3186,941,236
3187,942,919
3188,942,1327
3189,942,1503
3190,942,1618
3191,944,110
3192,944,286
3193,944,139
3194,944,203
3195,945,1586
3196,945,853
3197,945,863
3198,945,798
3199,948,541
3200,948,298
3201,948,1147
3202,948,655
3203,949,640
3204,949,380
3205,949,1608
3206,949,1455
3207,950,642
3208,950,306
3209,950,308
3210,950,916
3211,951,1527
3212,951,1266
3213,951,1209
3214,951,1186
3215,952,554
3216,952,1429
3217,952,75
3218,952,1184
3219,953,1397
3220,953,908
3221,953,922
3222,953,340
3223,954,1187
3224,954,531
3225,954,1145
3226,954,1186
3227,955,689
3228,955,746
3229,955,1572
3230,955,608
3231,956,1623
3232,956,1095
3233,956,1134
3234,956,615
3235,957,1234
3236,957,397
3237,957,271
3238,957,992
3239,958,646
3240,958,1112
3241,958,113
3242,958,78
3243,959,895
3244,959,577
3245,959,327
3246,959,76
3247,960,808
3248,960,178
3249,960,1153
3250,960,998
3251,961,658
3252,961,1342
3253,961,1588
3254,961,374
3255,962,471
3256,962,505
3257,962,1077
3258,962,250
3259,963,1165
3260,963,1404
3261,963,495
3262,963,743
3263,964,1393
3264,964,696
3265,964,93
3266,964,361
3267,971,48
3268,971,1497
3269,971,1406
3270,971,1565
3271,973,826
3272,973,409
3273,973,1545
3274,973,41
3275,974,1176
3276,974,333
3277,974,379
3278,974,997
3279,975,1013
3280,975,384
3281,975,1006
3282,975,1046
3283,976,1177
3284,976,765
3285,976,1100
3286,976,931
3287,980,134
3288,980,453
3289,980,667
3290,980,1038
3291,981,712
3292,981,928
3293,981,1045
3294,981,230
3295,982,1265
3296,982,252
3297,982,666
3298,982,1343
3299,983,505
3300,983,743
3301,983,752
3302,983,354
3303,984,647
3304,984,350
3305,984,1317
3306,984,1196
3307,985,1522
3308,985,812
3309,985,1002
3310,985,945
3311,986,373
3312,986,1165
3313,986,652
3314,986,1283
3315,987,1179
3316,987,484
3317,987,143
3318,987,1132
3319,988,536
3320,988,44
3321,988,239
3322,988,1326
3323,991,1296
3324,991,1116
3325,991,192
3326,991,1473
3327,992,375
3328,992,2
3329,992,1495
3330,992,1371
3331,994,1135
3332,994,55
3333,994,1600
3334,994,909
3335,995,1527
3336,995,1206
3337,995,788
3338,995,389
3339,997,944
3340,997,590
3341,997,189
3342,997,1333
3343,998,1324
3344,998,228
3345,998,263
3346,998,15
3347,1000,903
3348,1000,712
3349,1000,1318
3350,1000,280
