BRIDGE_GENRE_ID,FILM_RANK,GENRE_ID
0,1,0
1,1,1
2,1,15
3,2,1
4,2,13
5,2,15
6,3,10
7,3,17
8,4,2
9,4,4
10,4,7
11,5,0
12,5,1
13,5,8
14,6,0
15,6,1
16,6,8
17,7,4
18,7,6
19,7,11
20,9,0
21,9,1
22,9,3
23,10,1
24,10,6
25,10,14
26,11,1
27,11,7
28,11,8
29,12,3
30,12,6
31,12,9
32,13,0
33,13,1
34,13,15
35,14,2
36,14,1
37,14,4
38,15,0
39,15,4
40,15,6
41,16,2
42,16,1
43,16,4
44,17,3
45,17,6
46,17,9
47,18,0
48,18,17
49,19,3
50,19,6
51,20,6
52,20,13
53,20,15
54,21,1
55,21,6
56,21,17
57,22,6
58,24,2
59,24,1
60,24,4
61,25,0
62,25,1
63,25,15
64,29,4
65,30,0
66,30,1
67,30,6
68,31,4
69,32,6
70,32,17
71,33,0
72,33,1
73,33,15
74,34,0
75,34,1
76,34,4
77,35,0
78,35,10
79,35,15
80,36,0
81,36,1
82,36,15
83,37,1
84,37,6
85,37,15
86,38,0
87,38,1
88,38,8
89,39,0
90,39,1
91,39,19
92,41,2
93,41,1
94,41,4
95,42,6
96,44,3
97,44,6
98,44,9
99,45,6
100,46,0
101,46,1
102,46,8
103,47,6
104,47,17
105,49,0
106,49,1
107,49,15
108,51,0
109,51,1
110,51,8
111,52,0
112,52,1
113,52,8
114,53,4
115,53,6
116,54,0
117,54,5
118,54,17
119,55,0
120,55,5
121,55,6
122,56,1
123,56,6
124,56,9
125,57,5
126,57,10
127,57,17
128,58,6
129,58,14
130,59,4
131,59,6
132,59,14
133,60,3
134,60,6
135,61,0
136,61,1
137,61,15
138,63,5
139,63,6
140,63,13
141,64,6
142,64,14
143,64,17
144,65,6
145,65,13
146,65,15
147,66,0
148,66,1
149,66,4
150,67,6
151,67,9
152,67,17
153,68,0
154,68,1
155,68,15
156,69,6
157,70,0
158,70,6
159,70,17
160,72,0
161,72,6
162,72,14
163,73,6
164,73,8
165,74,6
166,74,14
167,75,2
168,75,1
169,75,4
170,76,0
171,76,1
172,76,8
173,77,0
174,77,15
175,78,1
176,78,6
177,78,18
178,79,0
179,79,1
180,79,8
181,80,0
182,80,4
183,80,8
184,81,0
185,81,1
186,81,15
187,82,4
188,82,6
189,83,3
190,83,4
191,83,5
192,84,5
193,84,6
194,84,13
195,85,0
196,85,5
197,85,17
198,86,0
199,86,1
200,86,15
201,87,5
202,87,6
203,88,0
204,88,1
205,88,8
206,89,5
207,89,6
208,89,13
209,90,0
210,90,5
211,90,6
212,91,5
213,91,6
214,91,13
215,92,0
216,92,1
217,92,8
218,93,6
219,94,4
220,94,5
221,94,6
222,95,0
223,95,1
224,95,15
225,96,0
226,96,4
227,96,5
228,97,2
229,97,6
230,97,8
231,98,10
232,98,13
233,98,15
234,99,6
235,99,13
236,99,17
237,100,5
238,100,6
239,100,17
240,101,3
241,101,5
242,101,6
243,102,0
244,102,1
245,102,8
246,103,1
247,103,6
248,103,15
249,105,0
250,105,1
251,105,4
252,106,5
253,106,6
254,106,17
255,107,4
256,108,0
257,108,1
258,108,6
259,110,6
260,110,13
261,110,15
262,111,0
263,111,10
264,111,17
265,112,3
266,112,6
267,112,9
268,114,0
269,114,8
270,114,18
271,115,1
272,115,6
273,115,8
274,116,4
275,117,10
276,117,17
277,119,6
278,119,10
279,119,13
280,120,2
281,120,1
282,120,4
283,121,1
284,121,6
285,121,7
286,122,1
287,122,13
288,122,15
289,123,1
290,123,4
291,123,14
292,125,0
293,125,17
294,126,1
295,126,6
296,126,7
297,127,0
298,127,1
299,127,15
300,128,1
301,128,5
302,128,13
303,129,4
304,129,7
305,129,12
306,130,1
307,130,6
308,130,17
309,131,6
310,132,1
311,132,4
312,132,6
313,133,6
314,133,10
315,133,17
316,134,6
317,134,11
318,135,0
319,135,5
320,135,17
321,136,5
322,136,6
323,136,17
324,137,5
325,137,6
326,137,17
327,138,6
328,138,14
329,139,13
330,139,17
331,141,0
332,141,1
333,141,15
334,142,4
335,142,7
336,143,3
337,143,4
338,143,6
339,144,6
340,145,6
341,145,19
342,146,6
343,146,13
344,146,14
345,147,4
346,147,6
347,148,0
348,148,6
349,148,13
350,149,4
351,150,0
352,150,1
353,150,5
354,151,1
355,151,7
356,151,8
357,152,1
358,152,15
359,152,17
360,153,6
361,154,0
362,154,5
363,154,6
364,156,0
365,156,10
366,156,15
367,157,0
368,157,1
369,157,15
370,158,4
371,158,6
372,158,14
373,159,0
374,159,4
375,159,8
376,160,0
377,160,4
378,160,13
379,162,0
380,162,4
381,162,5
382,163,0
383,163,1
384,163,15
385,164,0
386,164,1
387,164,5
388,165,0
389,165,1
390,165,17
391,166,6
392,166,8
393,166,14
394,167,0
395,167,1
396,167,4
397,168,3
398,168,6
399,168,9
400,169,0
401,169,6
402,169,9
403,170,0
404,170,1
405,170,17
406,171,5
407,171,6
408,171,17
409,172,2
410,172,1
411,172,7
412,174,6
413,174,14
414,174,15
415,175,2
416,175,1
417,175,4
418,176,0
419,176,1
420,176,7
421,177,0
422,177,1
423,177,6
424,178,0
425,178,4
426,179,10
427,179,13
428,179,17
429,180,0
430,180,1
431,180,4
432,181,4
433,181,14
434,182,10
435,182,13
436,183,6
437,183,7
438,183,8
439,185,6
440,185,17
441,187,6
442,187,18
443,188,6
444,188,8
445,188,10
446,189,5
447,189,6
448,190,4
449,190,6
450,190,14
451,191,6
452,191,14
453,193,5
454,193,6
455,193,9
456,194,10
457,194,15
458,194,17
459,195,0
460,195,6
461,195,16
462,196,0
463,196,1
464,196,15
465,198,1
466,198,3
467,198,6
468,199,3
469,199,6
470,199,17
471,200,0
472,200,4
473,200,5
474,201,0
475,201,1
476,201,15
477,202,6
478,202,8
479,202,10
480,203,3
481,203,6
482,203,17
483,204,0
484,204,1
485,204,15
486,205,0
487,205,1
488,205,13
489,206,0
490,206,1
491,206,15
492,207,6
493,207,10
494,208,4
495,208,6
496,208,14
497,209,4
498,209,14
499,211,0
500,211,1
501,211,6
502,212,6
503,213,0
504,213,1
505,213,15
506,215,0
507,215,1
508,215,8
509,216,0
510,216,1
511,216,8
512,217,0
513,217,1
514,217,15
515,218,0
516,218,1
517,218,4
518,220,0
519,220,4
520,221,0
521,221,1
522,221,15
523,222,2
524,222,1
525,222,4
526,223,10
527,223,13
528,224,5
529,224,6
530,224,13
531,225,4
532,225,5
533,226,6
534,227,4
535,227,6
536,227,14
537,228,0
538,228,1
539,228,15
540,229,0
541,229,1
542,229,7
543,231,6
544,231,8
545,231,18
546,232,5
547,232,6
548,232,17
549,233,0
550,233,1
551,233,6
552,234,0
553,234,1
554,234,17
555,235,0
556,235,1
557,235,6
558,236,6
559,236,14
560,237,3
561,237,6
562,237,9
563,238,6
564,238,10
565,238,17
566,239,1
567,239,4
568,239,6
569,240,0
570,240,1
571,240,14
572,241,0
573,241,6
574,241,18
575,242,2
576,242,1
577,242,4
578,243,2
579,243,1
580,243,4
581,244,0
582,244,1
583,244,15
584,245,1
585,245,7
586,245,8
587,246,6
588,246,12
589,246,14
590,247,6
591,247,15
592,247,17
593,248,4
594,248,6
595,249,0
596,249,4
597,249,5
598,250,3
599,250,4
600,250,6
601,251,4
602,251,6
603,251,14
604,252,6
605,252,17
606,253,3
607,253,6
608,253,9
609,254,0
610,254,1
611,254,15
612,255,10
613,255,13
614,255,17
615,256,4
616,257,0
617,257,1
618,257,15
619,258,0
620,258,6
621,258,15
622,259,10
623,260,6
624,260,17
625,261,4
626,261,6
627,261,14
628,262,6
629,262,17
630,263,4
631,263,6
632,264,6
633,265,0
634,265,1
635,265,4
636,266,6
637,266,10
638,266,17
639,267,4
640,268,6
641,268,15
642,269,0
643,269,1
644,269,15
645,271,0
646,271,1
647,271,17
648,272,1
649,272,8
650,273,0
651,273,4
652,273,5
653,274,4
654,274,6
655,274,11
656,276,0
657,276,1
658,276,13
659,277,0
660,277,4
661,277,5
662,278,5
663,278,6
664,278,9
665,279,4
666,280,0
667,280,1
668,280,15
669,281,5
670,281,13
671,281,17
672,282,0
673,282,1
674,282,5
675,284,3
676,284,6
677,284,14
678,285,0
679,285,1
680,286,0
681,286,8
682,287,0
683,287,4
684,288,0
685,288,1
686,288,15
687,289,0
688,289,4
689,289,5
690,291,0
691,291,6
692,291,10
693,292,4
694,292,11
695,292,14
696,293,4
697,295,0
698,295,1
699,295,8
700,296,6
701,296,14
702,297,2
703,297,1
704,297,4
705,298,4
706,298,6
707,299,3
708,299,5
709,299,6
710,300,6
711,300,9
712,301,0
713,301,5
714,301,17
715,302,0
716,302,3
717,302,6
718,303,10
719,304,4
720,304,14
721,305,4
722,305,14
723,306,4
724,306,5
725,306,6
726,307,1
727,307,7
728,307,8
729,309,0
730,309,5
731,309,17
732,310,4
733,310,14
734,311,3
735,311,6
736,311,16
737,312,6
738,312,14
739,313,6
740,313,10
741,314,1
742,314,8
743,315,1
744,315,7
745,315,8
746,316,0
747,316,6
748,316,15
749,317,0
750,317,1
751,317,15
752,319,4
753,319,10
754,319,17
755,320,0
756,320,5
757,320,17
758,321,5
759,321,6
760,321,11
761,322,6
762,323,0
763,323,5
764,323,17
765,324,0
766,324,15
767,324,17
768,325,3
769,325,6
770,326,0
771,326,1
772,326,8
773,327,6
774,327,10
775,327,15
776,328,3
777,328,4
778,328,6
779,329,5
780,329,10
781,329,17
782,330,5
783,330,6
784,330,13
785,331,2
786,331,1
787,331,4
788,332,0
789,332,3
790,332,6
791,333,3
792,333,6
793,334,3
794,334,6
795,334,9
796,335,0
797,335,3
798,335,6
799,337,4
800,337,6
801,337,14
802,339,6
803,339,14
804,340,4
805,340,14
806,341,0
807,341,5
808,341,17
809,342,0
810,342,5
811,342,6
812,343,0
813,343,6
814,343,17
815,344,1
816,344,7
817,344,8
818,345,0
819,345,1
820,346,0
821,346,1
822,346,14
823,347,1
824,347,7
825,347,8
826,348,5
827,348,6
828,349,4
829,349,10
830,350,4
831,350,8
832,350,14
833,352,6
834,353,4
835,353,6
836,354,4
837,354,6
838,354,14
839,355,1
840,355,15
841,355,17
842,356,0
843,356,1
844,356,8
845,358,3
846,358,6
847,358,14
848,359,4
849,359,8
850,360,4
851,360,6
852,360,8
853,361,4
854,362,10
855,362,17
856,363,0
857,363,1
858,363,15
859,364,1
860,364,4
861,364,10
862,365,4
863,365,13
864,366,6
865,367,1
866,367,6
867,367,8
868,369,0
869,369,1
870,370,0
871,370,1
872,370,6
873,371,0
874,371,6
875,371,15
876,372,0
877,372,13
878,372,15
879,373,0
880,373,5
881,373,6
882,374,0
883,374,5
884,374,8
885,375,3
886,375,4
887,375,6
888,376,0
889,376,5
890,376,17
891,377,3
892,377,5
893,377,6
894,378,6
895,378,16
896,379,1
897,379,4
898,379,6
899,380,0
900,380,1
901,380,17
902,381,4
903,381,8
904,381,10
905,382,6
906,382,16
907,384,6
908,384,9
909,384,17
910,385,2
911,385,0
912,385,1
913,386,0
914,386,1
915,386,6
916,387,0
917,387,4
918,387,7
919,388,0
920,388,1
921,388,6
922,389,0
923,389,1
924,389,15
925,390,0
926,390,1
927,390,15
928,391,0
929,391,4
930,392,0
931,392,5
932,392,6
933,393,3
934,393,6
935,395,4
936,396,6
937,396,8
938,396,14
939,397,0
940,397,1
941,397,15
942,398,4
943,400,4
944,400,6
945,401,2
946,401,0
947,401,1
948,404,2
949,404,1
950,404,4
951,405,6
952,405,14
953,406,6
954,406,13
955,406,17
956,407,6
957,407,9
958,407,17
959,408,2
960,408,1
961,408,4
962,409,0
963,409,1
964,409,15
965,410,1
966,410,4
967,411,0
968,411,17
969,412,4
970,412,11
971,413,2
972,413,1
973,413,4
974,415,0
975,415,1
976,415,5
977,416,4
978,416,6
979,416,10
980,419,1
981,419,7
982,419,8
983,420,6
984,421,0
985,421,6
986,421,17
987,422,6
988,423,0
989,423,10
990,423,14
991,424,0
992,424,6
993,424,8
994,425,0
995,425,5
996,425,6
997,426,6
998,426,8
999,426,14
1000,427,0
1001,427,5
1002,427,17
1003,428,0
1004,428,13
1005,428,17
1006,431,4
1007,431,6
1008,432,4
1009,433,0
1010,433,1
1011,433,10
1012,434,0
1013,434,1
1014,434,17
1015,437,6
1016,437,14
1017,438,6
1018,438,17
1019,439,0
1020,439,4
1021,439,5
1022,441,1
1023,441,7
1024,441,8
1025,442,6
1026,442,14
1027,443,2
1028,443,7
1029,443,8
1030,444,6
1031,444,14
1032,447,0
1033,447,15
1034,448,1
1035,448,4
1036,448,6
1037,449,2
1038,449,0
1039,449,1
1040,450,6
1041,450,10
1042,451,0
1043,451,1
1044,451,15
1045,452,4
1046,452,6
1047,453,0
1048,453,10
1049,453,13
1050,454,0
1051,454,17
1052,455,0
1053,455,1
1054,455,15
1055,456,6
1056,457,4
1057,457,6
1058,457,14
1059,458,4
1060,458,5
1061,459,4
1062,459,14
1063,460,6
1064,460,14
1065,461,5
1066,461,6
1067,461,17
1068,462,10
1069,462,13
1070,462,17
1071,463,3
1072,463,6
1073,465,1
1074,465,4
1075,465,7
1076,466,0
1077,466,1
1078,466,5
1079,467,0
1080,467,5
1081,467,13
1082,468,13
1083,468,17
1084,469,0
1085,469,15
1086,469,17
1087,470,0
1088,470,4
1089,470,5
1090,471,3
1091,471,5
1092,471,6
1093,472,3
1094,472,6
1095,472,9
1096,473,0
1097,473,1
1098,473,15
1099,474,1
1100,474,7
1101,474,8
1102,475,3
1103,475,6
1104,475,9
1105,476,3
1106,476,4
1107,476,6
1108,477,6
1109,477,17
1110,481,4
1111,481,6
1112,481,14
1113,482,6
1114,482,14
1115,482,15
1116,483,0
1117,483,5
1118,483,6
1119,486,1
1120,486,4
1121,486,6
1122,487,4
1123,487,6
1124,487,7
1125,488,6
1126,488,14
1127,488,17
1128,489,4
1129,489,5
1130,489,6
1131,490,2
1132,490,4
1133,490,7
1134,491,6
1135,491,10
1136,491,15
1137,492,0
1138,492,1
1139,492,6
1140,493,0
1141,493,10
1142,493,15
1143,494,0
1144,494,5
1145,494,16
1146,495,6
1147,495,10
1148,495,15
1149,496,6
1150,496,10
1151,496,15
1152,497,0
1153,497,1
1154,497,4
1155,498,13
1156,498,15
1157,498,17
1158,499,5
1159,499,6
1160,499,17
1161,500,2
1162,500,1
1163,500,4
1164,501,0
1165,501,15
1166,501,17
1167,502,6
1168,502,14
1169,504,4
1170,504,6
1171,504,11
1172,507,5
1173,507,6
1174,507,17
1175,508,4
1176,508,6
1177,508,14
1178,509,4
1179,509,14
1180,510,6
1181,510,15
1182,510,17
1183,511,6
1184,511,18
1185,512,0
1186,512,5
1187,512,6
1188,513,15
1189,513,17
1190,514,1
1191,514,6
1192,514,10
1193,516,4
1194,516,6
1195,516,14
1196,517,0
1197,517,1
1198,517,6
1199,518,0
1200,518,5
1201,518,6
1202,519,1
1203,519,8
1204,520,6
1205,520,14
1206,521,3
1207,521,9
1208,521,17
1209,522,5
1210,522,6
1211,522,17
1212,523,0
1213,523,6
1214,523,9
1215,525,5
1216,525,6
1217,525,17
1218,526,0
1219,526,3
1220,526,6
1221,528,1
1222,528,10
1223,529,0
1224,529,1
1225,529,15
1226,530,0
1227,530,1
1228,530,13
1229,531,4
1230,531,6
1231,531,14
1232,532,10
1233,532,17
1234,534,0
1235,534,15
1236,534,17
1237,535,3
1238,535,6
1239,536,0
1240,536,5
1241,536,6
1242,537,0
1243,537,5
1244,537,13
1245,538,0
1246,538,1
1247,538,4
1248,541,13
1249,541,17
1250,542,13
1251,542,15
1252,542,17
1253,546,6
1254,546,13
1255,546,15
1256,547,4
1257,547,6
1258,548,1
1259,548,7
1260,548,8
1261,549,3
1262,549,6
1263,549,16
1264,551,4
1265,551,6
1266,551,14
1267,552,3
1268,552,6
1269,552,14
1270,553,0
1271,553,1
1272,553,15
1273,556,13
1274,556,17
1275,557,13
1276,557,17
1277,558,0
1278,558,6
1279,558,8
1280,559,0
1281,559,1
1282,559,3
1283,560,1
1284,560,4
1285,560,15
1286,561,0
1287,561,1
1288,561,17
1289,562,8
1290,562,10
1291,563,10
1292,563,13
1293,564,2
1294,564,1
1295,564,4
1296,565,0
1297,565,1
1298,565,6
1299,566,1
1300,566,7
1301,566,8
1302,567,0
1303,567,1
1304,567,15
1305,568,4
1306,568,6
1307,569,4
1308,569,6
1309,570,5
1310,570,6
1311,570,17
1312,571,4
1313,571,14
1314,572,2
1315,572,4
1316,572,7
1317,573,4
1318,573,6
1319,574,4
1320,574,6
1321,575,3
1322,575,6
1323,575,16
1324,576,0
1325,576,1
1326,576,8
1327,577,0
1328,577,6
1329,577,9
1330,578,0
1331,578,1
1332,578,15
1333,579,0
1334,579,1
1335,579,13
1336,580,5
1337,580,6
1338,580,13
1339,581,0
1340,583,4
1341,583,14
1342,584,4
1343,584,6
1344,584,14
1345,585,3
1346,585,6
1347,585,16
1348,586,0
1349,586,8
1350,586,17
1351,587,3
1352,587,6
1353,587,16
1354,588,0
1355,588,6
1356,588,8
1357,589,1
1358,589,15
1359,589,17
1360,590,2
1361,590,1
1362,590,4
1363,591,6
1364,591,13
1365,591,17
1366,592,6
1367,592,14
1368,593,5
1369,593,6
1370,593,13
1371,594,4
1372,594,14
1373,594,16
1374,595,4
1375,595,7
1376,596,6
1377,596,10
1378,596,13
1379,597,0
1380,597,6
1381,597,16
1382,598,0
1383,598,1
1384,598,4
1385,599,6
1386,599,13
1387,599,15
1388,600,2
1389,600,0
1390,600,4
1391,601,0
1392,601,5
1393,601,6
1394,602,0
1395,602,5
1396,602,6
1397,604,2
1398,604,0
1399,604,1
1400,605,5
1401,605,6
1402,608,4
1403,608,5
1404,609,6
1405,610,0
1406,610,1
1407,610,8
1408,611,6
1409,611,8
1410,611,14
1411,612,4
1412,612,6
1413,613,6
1414,613,8
1415,613,17
1416,614,3
1417,614,5
1418,614,6
1419,615,4
1420,615,6
1421,615,14
1422,616,0
1423,616,5
1424,616,6
1425,617,15
1426,619,0
1427,619,4
1428,619,14
1429,620,1
1430,620,4
1431,620,6
1432,621,4
1433,621,5
1434,621,6
1435,622,0
1436,622,8
1437,622,10
1438,623,6
1439,623,10
1440,624,10
1441,625,0
1442,625,17
1443,626,0
1444,626,1
1445,626,13
1446,627,0
1447,627,1
1448,627,8
1449,630,1
1450,630,4
1451,630,7
1452,631,4
1453,631,6
1454,631,14
1455,632,4
1456,633,4
1457,633,6
1458,633,10
1459,636,4
1460,636,14
1461,637,13
1462,637,14
1463,637,15
1464,638,5
1465,638,6
1466,639,6
1467,639,10
1468,639,13
1469,640,4
1470,641,3
1471,641,6
1472,642,4
1473,642,6
1474,642,17
1475,644,6
1476,644,9
1477,644,18
1478,647,4
1479,647,6
1480,650,0
1481,650,4
1482,650,8
1483,651,6
1484,651,10
1485,651,12
1486,653,10
1487,653,13
1488,653,17
1489,654,4
1490,654,11
1491,656,3
1492,656,5
1493,656,6
1494,657,6
1495,658,0
1496,658,1
1497,658,4
1498,659,5
1499,659,6
1500,659,13
1501,660,6
1502,661,0
1503,661,4
1504,661,5
1505,662,4
1506,662,6
1507,662,14
1508,663,5
1509,663,6
1510,663,13
1511,664,0
1512,664,4
1513,664,5
1514,665,6
1515,666,6
1516,666,14
1517,667,5
1518,667,6
1519,667,13
1520,668,1
1521,668,4
1522,668,14
1523,669,4
1524,669,5
1525,669,6
1526,670,1
1527,670,6
1528,670,17
1529,672,5
1530,672,6
1531,672,17
1532,673,6
1533,673,9
1534,673,17
1535,674,0
1536,674,1
1537,674,15
1538,676,10
1539,677,0
1540,677,5
1541,677,13
1542,678,4
1543,678,14
1544,679,4
1545,680,0
1546,680,6
1547,680,17
1548,681,0
1549,681,1
1550,681,15
1551,682,6
1552,682,13
1553,682,17
1554,683,4
1555,683,6
1556,683,14
1557,684,0
1558,684,8
1559,684,10
1560,685,6
1561,685,14
1562,686,3
1563,686,6
1564,687,3
1565,687,6
1566,688,0
1567,688,1
1568,688,15
1569,689,2
1570,689,1
1571,689,4
1572,690,6
1573,690,13
1574,690,17
1575,691,0
1576,691,10
1577,691,15
1578,692,6
1579,692,14
1580,694,0
1581,694,1
1582,694,6
1583,695,1
1584,695,6
1585,695,8
1586,698,6
1587,698,14
1588,698,15
1589,699,0
1590,699,1
1591,699,17
1592,702,4
1593,702,8
1594,703,0
1595,703,4
1596,703,5
1597,704,1
1598,704,6
1599,704,14
1600,705,0
1601,705,5
1602,705,6
1603,708,4
1604,708,6
1605,708,14
1606,709,5
1607,709,6
1608,710,5
1609,710,6
1610,710,13
1611,711,0
1612,711,1
1613,711,15
1614,712,2
1615,712,8
1616,713,2
1617,713,1
1618,713,4
1619,714,6
1620,714,13
1621,714,18
1622,715,4
1623,715,14
1624,716,2
1625,716,4
1626,716,7
1627,717,4
1628,718,10
1629,718,13
1630,718,17
1631,719,0
1632,719,1
1633,719,6
1634,720,4
1635,721,6
1636,722,1
1637,722,3
1638,722,6
1639,723,4
1640,724,10
1641,724,17
1642,725,0
1643,725,6
1644,725,7
1645,726,4
1646,726,8
1647,726,10
1648,727,4
1649,727,14
1650,728,6
1651,728,13
1652,728,14
1653,729,0
1654,729,1
1655,729,4
1656,730,17
1657,731,4
1658,732,1
1659,732,4
1660,732,15
1661,734,13
1662,734,17
1663,735,4
1664,735,6
1665,736,1
1666,736,6
1667,736,7
1668,737,10
1669,737,17
1670,738,0
1671,738,6
1672,738,14
1673,739,6
1674,739,14
1675,740,0
1676,740,1
1677,740,8
1678,741,4
1679,742,0
1680,742,3
1681,742,6
1682,743,6
1683,743,13
1684,743,14
1685,744,1
1686,744,6
1687,744,19
1688,745,6
1689,745,11
1690,745,14
1691,746,4
1692,746,14
1693,746,19
1694,749,10
1695,749,17
1696,750,1
1697,750,7
1698,750,8
1699,751,5
1700,751,6
1701,751,13
1702,752,10
1703,752,13
1704,753,4
1705,753,5
1706,753,6
1707,754,0
1708,754,4
1709,754,14
1710,760,0
1711,760,3
1712,760,6
1713,761,6
1714,761,11
1715,762,4
1716,762,6
1717,763,6
1718,763,17
1719,763,18
1720,764,0
1721,764,13
1722,764,17
1723,765,10
1724,765,15
1725,765,17
1726,766,4
1727,766,6
1728,766,14
1729,768,0
1730,768,1
1731,768,8
1732,769,6
1733,769,13
1734,769,14
1735,770,6
1736,771,0
1737,771,1
1738,771,17
1739,773,2
1740,773,0
1741,773,1
1742,774,6
1743,774,8
1744,774,13
1745,775,6
1746,775,15
1747,776,2
1748,776,1
1749,776,4
1750,777,10
1751,777,17
1752,781,0
1753,781,13
1754,781,17
1755,782,0
1756,782,13
1757,782,15
1758,783,5
1759,783,6
1760,783,17
1761,785,4
1762,785,6
1763,785,14
1764,786,3
1765,786,6
1766,786,17
1767,788,0
1768,788,1
1769,788,7
1770,789,2
1771,789,4
1772,789,7
1773,790,0
1774,790,5
1775,790,6
1776,791,4
1777,792,4
1778,792,5
1779,792,17
1780,793,4
1781,793,14
1782,794,2
1783,794,4
1784,794,6
1785,795,0
1786,795,5
1787,795,17
1788,796,4
1789,796,14
1790,797,1
1791,797,3
1792,797,6
1793,798,2
1794,798,1
1795,798,4
1796,799,5
1797,799,6
1798,799,13
1799,800,0
1800,800,4
1801,800,15
1802,802,4
1803,802,5
1804,803,2
1805,803,0
1806,803,1
1807,804,0
1808,804,6
1809,804,17
1810,805,8
1811,805,10
1812,806,5
1813,806,6
1814,806,17
1815,807,0
1816,807,1
1817,807,8
1818,808,4
1819,808,6
1820,808,14
1821,809,3
1822,809,6
1823,809,14
1824,811,0
1825,811,1
1826,811,4
1827,812,10
1828,812,17
1829,813,10
1830,813,13
1831,813,17
1832,814,4
1833,814,14
1834,815,2
1835,815,1
1836,815,4
1837,816,5
1838,816,6
1839,816,13
1840,818,1
1841,818,3
1842,818,6
1843,819,10
1844,819,13
1845,819,17
1846,822,1
1847,822,8
1848,822,13
1849,823,0
1850,823,1
1851,823,15
1852,824,3
1853,824,6
1854,830,4
1855,831,6
1856,831,16
1857,832,4
1858,832,7
1859,833,6
1860,833,14
1861,834,0
1862,834,1
1863,834,4
1864,835,4
1865,836,13
1866,836,14
1867,836,17
1868,837,5
1869,837,6
1870,838,0
1871,838,4
1872,841,4
1873,841,5
1874,842,6
1875,842,17
1876,843,6
1877,844,2
1878,844,1
1879,844,4
1880,845,0
1881,845,17
1882,846,6
1883,846,17
1884,847,2
1885,847,1
1886,847,4
1887,848,5
1888,848,6
1889,848,13
1890,850,3
1891,850,6
1892,850,16
1893,851,5
1894,851,6
1895,851,17
1896,852,6
1897,852,11
1898,853,5
1899,853,6
1900,853,17
1901,854,6
1902,854,14
1903,855,2
1904,855,0
1905,855,1
1906,856,4
1907,856,6
1908,857,0
1909,857,1
1910,857,6
1911,858,3
1912,858,5
1913,858,6
1914,859,10
1915,860,3
1916,860,6
1917,860,13
1918,861,6
1919,861,14
1920,863,4
1921,863,7
1922,864,6
1923,866,6
1924,866,8
1925,866,10
1926,867,6
1927,867,14
1928,868,3
1929,868,6
1930,868,9
1931,869,4
1932,869,7
1933,870,0
1934,870,1
1935,870,17
1936,871,4
1937,871,6
1938,872,0
1939,872,1
1940,872,8
1941,873,0
1942,873,17
1943,874,6
1944,874,14
1945,875,4
1946,875,6
1947,875,14
1948,876,6
1949,876,10
1950,876,15
1951,877,4
1952,877,10
1953,877,14
1954,878,6
1955,879,0
1956,879,1
1957,879,15
1958,880,0
1959,880,1
1960,880,8
1961,881,0
1962,881,1
1963,881,6
1964,882,3
1965,882,4
1966,882,6
1967,883,6
1968,883,13
1969,883,14
1970,884,2
1971,884,1
1972,884,4
1973,885,6
1974,885,14
1975,885,15
1976,886,6
1977,887,6
1978,887,8
1979,888,6
1980,888,14
1981,889,4
1982,889,10
1983,889,17
1984,890,4
1985,890,6
1986,890,14
1987,893,0
1988,893,6
1989,893,7
1990,894,4
1991,894,6
1992,894,14
1993,895,0
1994,895,17
1995,895,18
1996,898,1
1997,898,4
1998,898,6
1999,899,4
2000,899,14
2001,900,4
2002,900,14
2003,901,4
2004,901,6
2005,901,14
2006,902,0
2007,902,1
2008,902,5
2009,903,4
2010,903,14
2011,904,2
2012,904,0
2013,904,1
2014,905,0
2015,905,5
2016,905,15
2017,907,4
2018,907,6
2019,907,14
2020,908,5
2021,908,17
2022,909,4
2023,909,10
2024,909,15
2025,910,6
2026,910,17
2027,911,6
2028,911,8
2029,911,10
2030,913,1
2031,913,6
2032,913,7
2033,914,13
2034,914,15
2035,914,17
2036,915,3
2037,915,5
2038,915,6
2039,916,6
2040,916,8
2041,916,10
2042,917,0
2043,917,1
2044,917,17
2045,919,5
2046,919,6
2047,919,8
2048,920,1
2049,920,7
2050,920,8
2051,921,0
2052,921,1
2053,921,6
2054,922,0
2055,922,4
2056,922,10
2057,923,4
2058,923,6
2059,923,7
2060,924,0
2061,924,17
2062,925,0
2063,925,1
2064,925,15
2065,926,1
2066,926,6
2067,926,8
2068,927,6
2069,928,6
2070,931,4
2071,931,6
2072,931,11
2073,932,6
2074,932,8
2075,932,11
2076,935,4
2077,935,10
2078,936,0
2079,936,4
2080,936,16
2081,937,10
2082,938,4
2083,938,6
2084,941,10
2085,941,13
2086,942,1
2087,942,6
2088,942,8
2089,944,4
2090,944,14
2091,945,0
2092,945,15
2093,945,17
2094,948,5
2095,948,6
2096,949,0
2097,949,1
2098,949,15
2099,950,1
2100,951,4
2101,951,6
2102,952,4
2103,952,6
2104,953,4
2105,953,6
2106,953,14
2107,954,1
2108,954,4
2109,954,6
2110,955,0
2111,955,15
2112,955,17
2113,956,4
2114,956,14
2115,957,0
2116,957,8
2117,957,10
2118,958,5
2119,958,6
2120,958,17
2121,959,0
2122,959,6
2123,959,17
2124,960,5
2125,960,6
2126,960,13
2127,961,5
2128,961,6
2129,961,13
2130,962,6
2131,962,15
2132,962,17
2133,963,3
2134,963,6
2135,963,9
2136,964,5
2137,964,10
2138,964,17
2139,971,10
2140,971,17
2141,973,4
2142,973,6
2143,973,12
2144,974,10
2145,974,13
2146,975,3
2147,975,6
2148,975,16
2149,976,4
2150,976,7
2151,976,14
2152,980,6
2153,980,17
2154,981,3
2155,981,6
2156,981,7
2157,982,4
2158,982,6
2159,982,7
2160,983,6
2161,983,8
2162,983,12
2163,984,4
2164,985,1
2165,985,7
2166,986,1
2167,986,4
2168,986,8
2169,987,10
2170,987,17
2171,988,6
2172,988,14
2173,991,0
2174,991,1
2175,991,8
2176,992,6
2177,992,7
2178,992,11
2179,994,0
2180,994,1
2181,994,10
2182,995,4
2183,997,10
2184,998,6
2185,998,11
2186,998,14
2187,1000,4
2188,1000,7
2189,1000,8
